Date,Austin - Round Rock,Brownsville - Harlingen,Dallas - Plano - Irving,El Paso,Fort Worth - Arlington,Houston Ð The Woodlands Ð Sugar Land,Laredo,McAllen - Edinburg - Mission,San Antonio Ð New Braunfels
Jul-78,#N/A,#N/A,#N/A,#N/A,#N/A,86.5,#N/A,#N/A,#N/A
Aug-78,#N/A,#N/A,#N/A,#N/A,#N/A,86.8,#N/A,#N/A,#N/A
Sep-78,#N/A,#N/A,#N/A,#N/A,#N/A,86.9,#N/A,#N/A,#N/A
Oct-78,89.5,#N/A,88.0,92.2,88.4,87.5,#N/A,#N/A,89.9
Nov-78,90.0,#N/A,88.6,92.8,89.0,87.9,#N/A,#N/A,90.2
Dec-78,90.6,#N/A,89.2,93.4,89.6,88.5,#N/A,#N/A,90.5
Jan-79,91.1,#N/A,89.5,94.2,89.8,89.4,#N/A,#N/A,91.0
Feb-79,91.6,#N/A,90.3,94.7,90.3,89.9,#N/A,#N/A,91.5
Mar-79,92.2,#N/A,91.0,95.0,90.9,90.7,#N/A,#N/A,92.0
Apr-79,92.6,#N/A,91.4,95.2,91.3,90.6,#N/A,#N/A,92.4
May-79,93.1,#N/A,92.2,95.8,91.9,91.1,#N/A,#N/A,92.9
Jun-79,93.6,#N/A,92.9,96.2,92.7,91.7,#N/A,#N/A,93.3
Jul-79,94.0,#N/A,93.1,95.6,92.9,91.7,#N/A,#N/A,93.8
Aug-79,94.5,#N/A,93.7,96.0,93.0,92.4,#N/A,#N/A,94.3
Sep-79,94.9,#N/A,94.4,97.3,94.0,93.1,#N/A,#N/A,94.8
Oct-79,95.2,#N/A,95.1,97.8,95.0,93.6,#N/A,#N/A,95.4
Nov-79,95.5,#N/A,95.9,97.9,95.3,94.3,#N/A,#N/A,95.9
Dec-79,95.8,#N/A,96.4,98.3,95.4,94.4,#N/A,#N/A,96.4
Jan-80,96.0,#N/A,96.8,98.6,97.1,95.0,#N/A,#N/A,96.8
Feb-80,96.3,#N/A,97.1,98.6,97.0,95.3,#N/A,#N/A,97.2
Mar-80,96.6,#N/A,97.5,98.6,97.7,95.2,#N/A,#N/A,97.3
Apr-80,96.9,#N/A,97.6,98.8,97.9,95.9,#N/A,#N/A,97.6
May-80,97.3,#N/A,98.0,99.1,98.2,96.6,#N/A,#N/A,97.9
Jun-80,97.8,#N/A,98.4,99.0,98.5,97.1,#N/A,#N/A,98.2
Jul-80,98.3,#N/A,98.7,98.9,98.6,97.5,#N/A,98.3,98.6
Aug-80,98.8,#N/A,99.3,99.0,98.6,98.0,#N/A,97.7,99.0
Sep-80,99.4,#N/A,99.8,99.5,99.3,99.0,#N/A,98.7,99.5
Oct-80,100.0,100.0,100.0,100.0,100.0,100.0,100.0,100.0,100.0
Nov-80,100.7,101.0,100.7,100.3,100.2,100.6,100.7,100.7,100.4
Dec-80,101.3,101.5,101.3,100.6,100.9,101.5,101.6,100.0,100.8
Jan-81,102.0,101.9,101.9,101.3,102.1,102.0,102.5,100.3,101.2
Feb-81,102.7,102.4,102.4,102.1,102.2,103.2,103.7,102.2,101.8
Mar-81,103.3,103.0,102.8,102.9,102.4,104.0,105.0,105.0,102.3
Apr-81,104.0,103.6,103.3,103.9,103.1,105.2,106.6,104.8,102.8
May-81,104.5,104.1,103.6,104.8,103.6,106.0,108.4,104.3,103.2
Jun-81,105.1,105.1,104.0,105.3,103.9,106.8,110.2,105.5,103.6
Jul-81,105.7,106.4,104.5,105.9,104.2,108.6,112.3,112.0,104.0
Aug-81,106.2,107.4,104.8,106.3,105.4,109.5,114.3,115.1,104.4
Sep-81,106.7,107.6,105.3,106.5,105.6,110.5,116.3,114.4,104.8
Oct-81,107.1,107.6,105.7,107.0,105.3,112.3,118.1,111.1,105.2
Nov-81,107.6,107.7,106.0,107.4,105.6,112.7,119.6,116.8,105.4
Dec-81,108.0,107.9,106.5,107.4,105.8,113.2,120.3,122.6,105.8
Jan-82,108.5,107.9,106.5,106.8,104.8,113.3,120.2,125.8,106.0
Feb-82,108.9,107.3,106.9,106.2,105.1,113.6,118.9,122.9,106.2
Mar-82,109.3,106.3,107.2,105.6,104.8,114.0,116.4,122.9,106.4
Apr-82,109.8,105.0,107.6,104.7,105.1,113.3,112.9,123.4,106.4
May-82,110.3,103.7,107.7,103.8,104.3,112.2,108.4,124.4,106.6
Jun-82,110.9,102.5,108.0,103.1,104.4,110.9,103.5,121.7,106.7
Jul-82,111.5,101.2,108.3,102.4,104.4,108.8,98.1,118.9,106.9
Aug-82,112.2,99.6,108.7,101.9,104.4,107.4,92.6,115.5,107.1
Sep-82,112.9,97.5,108.9,101.0,104.4,106.0,87.3,113.4,107.3
Oct-82,113.7,95.6,109.0,100.0,104.5,104.1,82.3,110.0,107.6
Nov-82,114.6,94.4,109.4,99.5,104.7,102.8,77.9,107.2,107.9
Dec-82,115.5,93.8,109.7,99.1,105.0,101.8,74.2,103.9,108.2
Jan-83,116.5,93.4,110.1,98.9,105.8,101.7,71.2,102.4,108.7
Feb-83,117.7,93.2,110.6,99.0,105.8,100.5,68.8,100.3,109.1
Mar-83,118.9,93.1,111.0,99.1,106.4,99.7,67.1,97.9,109.5
Apr-83,120.3,93.1,111.9,99.4,107.2,99.1,65.9,94.3,110.1
May-83,121.7,93.0,112.4,100.1,107.9,98.7,65.1,92.4,110.8
Jun-83,123.2,92.8,113.2,100.6,108.5,98.4,64.8,91.9,111.6
Jul-83,124.9,92.8,114.4,100.8,109.3,98.6,64.6,91.4,112.3
Aug-83,126.6,93.2,115.1,101.4,110.4,97.4,64.9,90.1,113.0
Sep-83,128.4,94.0,116.3,101.9,111.0,99.2,65.2,88.9,113.7
Oct-83,130.3,94.3,117.2,102.5,111.9,98.8,65.9,90.1,114.4
Nov-83,132.3,94.4,118.2,102.9,112.7,99.2,66.6,91.6,115.2
Dec-83,134.4,94.7,119.1,103.3,113.3,99.6,67.6,92.0,116.0
Jan-84,136.6,95.4,120.7,104.2,114.5,100.4,68.6,90.1,116.9
Feb-84,138.8,95.9,121.9,105.1,115.8,100.9,69.7,89.6,118.0
Mar-84,141.1,96.0,122.9,105.6,116.5,101.3,70.8,90.5,118.9
Apr-84,143.4,96.3,124.7,105.8,118.0,102.7,71.9,93.1,119.9
May-84,145.8,96.5,126.0,106.8,118.9,103.5,73.0,94.5,120.9
Jun-84,148.0,96.4,127.1,107.4,120.1,104.4,74.3,95.2,121.9
Jul-84,150.3,96.2,128.2,107.2,120.9,104.6,75.6,94.8,122.8
Aug-84,152.5,96.6,129.4,107.5,121.4,105.0,77.0,96.0,123.7
Sep-84,154.6,97.2,130.2,108.2,122.5,105.2,78.4,97.2,124.6
Oct-84,156.6,97.5,131.2,108.5,123.7,105.4,79.8,97.9,125.6
Nov-84,158.5,97.6,132.2,108.7,123.7,105.5,81.2,97.6,126.5
Dec-84,160.3,97.6,132.9,109.1,125.2,105.4,82.5,97.5,127.2
Jan-85,161.9,97.6,133.5,109.7,125.9,104.9,83.8,98.5,128.0
Feb-85,163.4,97.7,134.2,110.0,126.5,104.4,85.1,99.6,128.7
Mar-85,164.7,98.1,134.9,110.5,128.3,104.1,86.4,100.8,129.3
Apr-85,165.8,98.6,135.3,111.2,127.9,104.1,87.5,100.9,130.1
May-85,166.8,99.2,136.1,111.7,128.9,104.4,88.6,101.7,130.8
Jun-85,167.5,100.0,136.7,112.0,129.6,104.5,89.4,102.4,131.3
Jul-85,168.2,100.7,137.4,112.4,130.1,104.7,90.0,104.6,131.8
Aug-85,168.6,100.9,138.0,113.4,130.6,104.7,90.3,105.0,132.3
Sep-85,168.9,100.6,138.5,114.3,130.9,104.5,90.6,105.7,132.6
Oct-85,169.2,100.6,139.0,115.0,131.3,104.4,90.5,104.8,132.9
Nov-85,169.2,100.9,139.5,116.0,131.6,103.6,90.5,106.9,133.3
Dec-85,169.1,101.1,139.8,116.8,131.9,103.1,90.1,107.0,133.6
Jan-86,168.8,100.9,140.2,117.2,132.8,102.9,89.7,107.2,134.0
Feb-86,168.4,100.5,140.4,117.1,132.4,102.2,88.8,104.5,134.1
Mar-86,167.8,100.3,140.5,116.9,132.7,101.7,87.8,105.2,134.2
Apr-86,167.2,100.1,140.3,117.0,132.5,99.5,86.6,105.7,134.2
May-86,166.5,99.8,140.3,116.8,132.4,97.8,85.4,106.4,134.1
Jun-86,165.7,99.4,140.1,116.0,132.3,96.8,84.2,103.0,134.0
Jul-86,164.9,99.1,140.1,115.9,133.1,96.2,83.2,102.4,134.0
Aug-86,164.0,99.0,139.9,116.0,133.0,95.4,82.2,102.3,133.9
Sep-86,163.1,98.7,139.8,115.8,133.0,94.7,81.6,103.8,133.9
Oct-86,162.2,98.3,139.6,115.9,132.9,94.0,81.1,101.6,133.7
Nov-86,161.3,98.1,139.6,116.2,133.3,93.7,80.9,100.3,133.5
Dec-86,160.5,97.9,139.4,116.5,133.5,93.7,81.0,99.8,133.3
Jan-87,159.7,97.6,139.7,117.3,133.8,93.9,81.5,102.2,133.4
Feb-87,158.9,97.4,139.7,118.1,133.6,94.1,82.2,102.5,133.4
Mar-87,158.3,97.6,139.7,118.6,134.1,94.1,83.0,101.9,133.4
Apr-87,157.7,97.8,139.6,118.9,133.9,94.1,83.8,100.4,133.3
May-87,157.2,98.1,139.7,119.6,134.5,94.3,84.6,100.9,133.2
Jun-87,156.7,98.4,139.7,120.7,133.9,94.6,85.3,101.6,133.2
Jul-87,156.4,98.7,140.1,122.0,135.1,95.4,85.9,102.3,133.2
Aug-87,156.1,99.0,140.1,122.9,135.9,95.6,86.4,102.4,133.2
Sep-87,156.0,99.3,140.4,123.2,136.2,96.9,86.9,103.4,133.2
Oct-87,155.9,99.6,141.3,123.1,136.9,97.3,87.4,105.2,133.4
Nov-87,156.0,100.0,141.8,123.1,137.4,97.9,88.1,106.8,133.4
Dec-87,156.0,100.4,142.3,123.6,137.7,98.5,89.0,107.6,133.6
Jan-88,156.2,100.8,144.1,124.0,138.9,99.1,90.2,108.4,133.6
Feb-88,156.4,101.4,144.7,124.5,139.7,100.0,91.6,109.3,133.6
Mar-88,156.6,102.0,145.4,125.1,140.2,100.8,93.3,110.4,133.7
Apr-88,156.9,102.5,145.9,125.5,140.6,101.4,95.2,110.4,133.9
May-88,157.3,103.2,146.5,125.8,141.4,102.2,97.4,111.4,134.1
Jun-88,157.6,104.4,147.1,126.6,141.9,103.1,99.5,112.7,134.4
Jul-88,157.9,105.9,147.4,128.0,142.2,103.9,101.6,114.9,134.8
Aug-88,158.2,107.0,148.0,128.7,142.6,104.7,103.5,115.6,135.0
Sep-88,158.5,107.9,148.3,128.9,143.1,104.8,105.1,117.3,135.4
Oct-88,158.8,108.9,148.3,129.1,143.1,105.7,106.2,118.4,135.6
Nov-88,159.1,109.8,148.7,129.9,143.6,106.1,107.2,120.6,136.1
Dec-88,159.5,110.9,149.2,130.5,144.1,106.5,107.9,121.0,136.5
Jan-89,159.8,112.0,149.2,131.1,144.7,107.1,108.6,123.7,136.9
Feb-89,160.1,113.0,149.7,132.0,144.9,107.6,109.2,125.3,137.3
Mar-89,160.4,113.7,150.0,132.9,145.6,108.4,109.9,127.9,137.7
Apr-89,160.8,114.1,150.5,133.9,146.6,109.4,110.5,127.5,137.9
May-89,161.1,114.5,150.8,135.0,147.3,110.4,111.4,129.2,138.3
Jun-89,161.5,114.3,151.3,135.7,147.8,111.1,112.1,129.9,138.4
Jul-89,162.0,113.7,151.7,135.6,148.7,111.6,112.9,131.3,138.5
Aug-89,162.5,113.6,152.0,136.0,149.1,112.3,113.7,130.1,138.5
Sep-89,163.0,114.5,152.6,137.4,149.8,112.8,114.6,128.8,138.7
Oct-89,163.6,115.8,152.9,137.9,151.6,113.9,115.5,127.4,138.8
Nov-89,164.2,116.5,153.3,137.8,152.1,114.7,116.4,128.4,139.0
Dec-89,164.8,117.1,153.7,138.2,152.8,115.4,117.3,128.8,139.2
Jan-90,165.4,118.0,154.2,138.7,153.8,116.4,118.1,126.6,139.4
Feb-90,166.0,118.8,154.6,138.9,154.7,117.2,118.9,123.7,139.6
Mar-90,166.6,119.4,154.9,139.0,154.9,118.2,119.7,123.7,139.8
Apr-90,167.2,120.0,155.3,139.0,155.2,119.2,120.6,126.2,139.8
May-90,167.8,120.7,155.9,139.4,155.3,120.8,121.7,128.9,139.9
Jun-90,168.4,121.5,156.5,139.7,155.8,122.1,123.0,128.7,140.0
Jul-90,168.9,122.1,156.9,139.6,156.5,123.2,124.5,126.8,140.0
Aug-90,169.5,122.2,157.3,139.1,157.3,123.4,126.2,126.2,140.1
Sep-90,170.1,122.1,157.8,138.7,157.1,123.9,127.9,127.3,140.1
Oct-90,170.7,122.4,157.7,138.6,157.2,123.9,129.8,127.1,140.2
Nov-90,171.3,122.9,158.2,138.6,157.5,124.1,131.7,125.4,140.3
Dec-90,171.8,123.0,158.6,138.6,157.6,125.0,133.6,124.4,140.4
Jan-91,172.4,122.6,157.9,138.8,157.8,124.2,135.5,125.3,140.5
Feb-91,172.9,122.4,158.1,138.9,157.2,124.6,137.3,126.4,140.6
Mar-91,173.5,122.3,158.1,139.1,157.3,125.1,138.9,126.4,140.8
Apr-91,174.0,122.0,158.2,139.5,156.9,125.2,140.4,126.1,141.0
May-91,174.6,122.2,158.5,140.1,157.1,125.7,141.7,126.9,141.4
Jun-91,175.2,123.2,158.4,140.5,157.1,125.9,142.8,128.3,141.9
Jul-91,175.8,124.5,158.7,140.9,156.6,125.1,143.7,129.2,142.4
Aug-91,176.5,125.5,158.8,141.4,157.0,125.1,144.4,129.2,143.0
Sep-91,177.3,125.8,159.0,141.9,157.2,125.5,144.9,129.2,143.7
Oct-91,178.1,125.7,159.1,142.2,157.3,124.9,145.3,130.0,144.2
Nov-91,178.9,126.1,159.3,142.7,157.5,125.2,145.7,131.1,144.7
Dec-91,179.8,126.9,159.6,143.5,157.4,124.6,146.2,131.7,145.2
Jan-92,180.8,127.5,159.6,144.1,157.5,125.0,147.0,131.6,145.8
Feb-92,181.8,128.2,160.0,144.8,157.9,125.2,147.9,131.9,146.3
Mar-92,182.9,129.3,160.1,145.7,157.6,125.2,149.2,132.2,147.0
Apr-92,184.1,130.6,160.8,146.4,158.6,125.3,150.7,132.4,147.7
May-92,185.3,131.6,161.1,146.9,159.2,125.7,152.5,132.8,148.3
Jun-92,186.6,132.1,161.2,147.7,159.3,125.3,154.4,133.8,149.1
Jul-92,187.9,132.7,161.9,148.4,159.9,125.4,156.7,134.6,149.9
Aug-92,189.3,133.7,161.9,148.7,160.0,125.2,159.1,135.0,150.7
Sep-92,190.7,134.9,162.5,149.7,160.3,125.3,161.6,136.0,151.5
Oct-92,192.2,136.1,163.4,151.3,161.0,126.6,164.1,139.0,152.4
Nov-92,193.6,137.1,163.6,151.9,161.4,126.8,166.3,142.0,153.2
Dec-92,195.1,137.8,164.2,152.0,161.9,127.1,168.1,143.2,154.0
Jan-93,196.7,138.5,165.2,152.8,162.1,127.6,169.6,142.4,154.9
Feb-93,198.2,139.4,165.9,153.6,163.0,127.6,170.7,142.6,155.7
Mar-93,199.7,140.3,166.4,154.0,163.3,128.1,171.4,144.1,156.6
Apr-93,201.3,141.1,167.5,154.5,163.6,128.6,171.9,146.1,157.4
May-93,202.8,141.4,168.0,155.0,163.8,128.7,172.2,146.3,158.1
Jun-93,204.3,141.5,168.8,155.4,164.7,129.2,172.4,146.2,158.9
Jul-93,205.8,141.8,170.1,156.0,165.5,130.3,172.8,147.1,159.6
Aug-93,207.3,142.6,170.5,156.5,165.6,130.7,173.3,148.8,160.4
Sep-93,208.9,143.4,171.4,156.9,166.6,131.1,174.2,149.7,161.1
Oct-93,210.3,143.8,172.1,156.9,167.0,131.2,175.2,149.5,161.9
Nov-93,211.9,144.0,172.6,156.9,167.3,131.5,176.5,149.7,162.7
Dec-93,213.4,144.4,173.6,157.0,167.8,132.4,178.2,150.3,163.6
Jan-94,214.9,145.4,174.1,157.1,168.5,132.2,180.3,151.2,164.5
Feb-94,216.5,146.7,174.7,157.3,168.5,132.3,182.8,151.4,165.4
Mar-94,218.1,148.0,175.5,158.0,169.5,132.9,185.7,151.5,166.3
Apr-94,219.8,149.0,176.5,158.8,170.7,134.2,189.0,151.8,167.3
May-94,221.5,150.1,177.4,159.6,171.1,134.4,192.3,153.4,168.2
Jun-94,223.3,151.4,178.4,160.7,171.7,135.0,195.4,155.1,169.2
Jul-94,225.1,152.4,179.9,161.9,172.7,135.6,198.0,157.2,170.2
Aug-94,227.0,152.8,180.8,162.8,173.5,136.3,199.5,158.6,171.2
Sep-94,228.8,153.2,181.8,163.7,174.1,137.0,199.9,160.0,172.3
Oct-94,230.7,154.2,182.8,164.8,174.7,138.0,198.8,161.2,173.3
Nov-94,232.5,155.1,183.9,165.6,175.8,139.0,196.5,162.9,174.4
Dec-94,234.3,155.1,185.1,165.8,176.3,139.9,192.9,163.5,175.5
Jan-95,236.1,154.6,185.9,166.0,176.2,140.7,188.4,162.9,176.4
Feb-95,237.9,154.2,187.0,166.4,177.6,141.3,183.4,161.8,177.3
Mar-95,239.6,153.8,187.8,166.3,178.5,142.0,178.5,161.0,178.2
Apr-95,241.3,153.1,188.2,165.8,178.9,142.1,173.9,160.6,178.9
May-95,242.9,152.3,189.0,165.9,179.7,142.8,170.1,159.6,179.7
Jun-95,244.5,151.8,189.8,165.9,180.4,144.0,167.0,157.8,180.3
Jul-95,246.1,151.6,190.3,165.7,181.1,144.6,164.8,155.1,181.0
Aug-95,247.6,151.8,191.5,165.9,181.7,145.4,163.4,154.6,181.5
Sep-95,249.1,152.2,192.4,165.7,182.7,145.9,162.7,155.4,182.1
Oct-95,250.6,152.6,193.0,164.7,183.5,146.5,162.8,156.0,182.7
Nov-95,252.0,152.8,194.3,164.3,184.0,147.0,163.6,155.1,183.3
Dec-95,253.4,153.2,195.2,165.0,185.1,148.0,165.0,154.6,183.8
Jan-96,254.8,153.5,196.0,165.5,186.4,148.0,166.7,155.4,184.3
Feb-96,256.1,153.5,197.1,165.6,187.2,149.0,168.7,156.9,184.9
Mar-96,257.3,153.6,198.1,165.9,188.0,149.2,170.6,156.6,185.4
Apr-96,258.6,154.2,199.1,166.2,188.7,150.0,172.5,155.9,186.1
May-96,259.8,154.9,200.4,166.5,189.7,151.2,174.3,156.6,186.8
Jun-96,261.0,155.5,201.3,166.9,190.3,151.6,176.2,159.0,187.6
Jul-96,262.2,156.4,202.5,167.4,191.2,152.5,178.0,159.9,188.2
Aug-96,263.4,157.8,203.9,167.9,192.4,153.3,179.9,159.9,189.3
Sep-96,264.5,158.9,204.7,168.3,192.8,153.8,182.0,159.9,190.2
Oct-96,265.7,159.5,206.3,169.2,193.6,155.9,184.1,162.5,191.2
Nov-96,267.0,159.9,207.7,169.6,194.7,156.9,186.4,164.3,192.2
Dec-96,268.3,160.5,208.8,169.9,195.3,157.3,188.9,165.7,193.2
Jan-97,269.8,161.4,210.4,170.2,195.7,158.7,191.5,166.0,194.2
Feb-97,271.4,162.5,211.7,170.7,196.6,159.9,194.2,167.8,195.1
Mar-97,273.1,163.1,213.2,171.4,198.2,161.2,197.0,169.7,196.1
Apr-97,275.0,163.2,214.5,172.2,199.1,162.2,199.9,171.5,197.0
May-97,276.9,163.6,216.1,173.1,200.4,163.8,202.9,171.6,197.9
Jun-97,278.9,164.7,217.5,173.9,201.4,165.0,205.8,172.3,198.8
Jul-97,281.1,166.2,218.3,174.7,203.0,165.9,208.7,173.8,199.7
Aug-97,283.3,167.1,219.9,175.3,203.8,167.6,211.6,176.0,200.6
Sep-97,285.5,167.4,221.3,175.9,205.3,169.1,214.6,176.5,201.5
Oct-97,287.9,167.9,222.4,176.3,206.2,170.7,217.6,176.2,202.4
Nov-97,290.3,168.6,223.7,177.1,207.2,172.1,220.5,176.6,203.3
Dec-97,292.8,169.3,224.7,177.8,208.2,173.6,223.3,178.7,204.2
Jan-98,295.3,169.7,226.2,178.2,209.4,175.3,225.8,180.7,205.1
Feb-98,297.8,170.2,227.3,178.4,210.3,176.6,228.0,181.5,205.9
Mar-98,300.4,170.8,228.3,179.0,211.0,177.8,229.8,181.7,206.7
Apr-98,302.9,171.2,230.1,179.9,212.2,179.4,231.2,182.9,207.5
May-98,305.4,171.6,231.3,180.3,213.0,180.6,232.2,185.1,208.2
Jun-98,308.0,172.1,232.3,180.5,213.8,182.0,232.5,187.6,209.0
Jul-98,310.6,172.5,234.0,180.4,214.4,183.7,232.5,189.7,209.9
Aug-98,313.3,172.6,235.4,180.5,215.6,184.8,232.0,190.0,210.8
Sep-98,316.0,173.2,236.4,180.8,216.9,185.6,231.3,190.4,211.9
Oct-98,318.9,174.5,237.7,181.5,217.9,186.3,230.3,193.3,212.9
Nov-98,321.8,175.5,239.0,181.9,218.8,186.8,229.5,197.0,214.0
Dec-98,324.8,175.8,240.3,182.0,220.1,188.2,228.8,198.5,215.1
Jan-99,327.8,176.1,240.8,182.3,220.7,187.3,228.6,196.6,216.3
Feb-99,330.9,177.0,242.1,182.8,221.8,187.6,228.6,195.7,217.4
Mar-99,333.9,178.5,243.1,183.3,222.5,188.1,229.2,198.2,218.5
Apr-99,337.0,180.3,243.9,183.7,223.5,187.0,230.2,202.0,219.6
May-99,340.0,182.3,244.7,184.0,223.7,187.1,231.9,203.7,220.7
Jun-99,343.0,184.5,245.7,184.5,224.7,187.9,233.9,204.6,221.6
Jul-99,345.9,185.9,246.9,185.2,225.6,188.8,236.4,207.6,222.6
Aug-99,348.7,186.6,248.0,185.7,226.5,189.6,239.2,212.4,223.4
Sep-99,351.4,187.2,249.0,186.2,227.4,190.4,242.5,217.0,224.2
Oct-99,353.9,188.2,250.4,187.0,228.7,191.2,245.8,219.5,224.8
Nov-99,356.2,189.6,251.6,187.7,229.4,191.9,249.3,222.2,225.4
Dec-99,358.2,191.0,252.9,188.5,230.4,193.1,252.5,226.4,226.0
Jan-00,360.2,192.4,254.1,189.7,231.6,193.7,255.8,234.1,226.3
Feb-00,362.1,193.6,255.1,190.5,232.2,194.7,258.6,238.9,226.7
Mar-00,363.9,194.7,256.5,190.9,233.3,195.9,261.2,241.9,227.0
Apr-00,365.6,195.9,257.7,191.2,233.5,196.9,263.1,241.9,227.6
May-00,367.2,197.7,258.9,191.4,235.2,198.1,264.5,244.1,228.0
Jun-00,368.7,199.8,260.5,191.8,235.6,199.0,265.4,247.0,228.4
Jul-00,370.0,201.5,261.2,192.1,236.1,199.5,265.8,250.3,228.8
Aug-00,371.0,202.3,262.0,192.2,236.9,200.1,265.9,250.7,229.1
Sep-00,371.8,202.8,263.2,192.3,237.5,201.5,265.8,250.4,229.6
Oct-00,372.3,203.7,264.0,192.5,237.6,202.0,265.5,248.6,229.9
Nov-00,372.4,205.0,264.7,192.8,238.4,202.7,265.0,248.5,230.4
Dec-00,372.0,205.9,265.3,192.8,238.9,203.6,264.5,249.1,230.8
Jan-01,372.1,206.1,266.3,192.4,238.5,203.9,263.8,249.5,231.2
Feb-01,371.9,206.2,266.6,192.0,239.1,204.7,263.3,248.8,231.6
Mar-01,371.2,206.6,266.9,191.5,239.2,204.9,262.9,249.4,231.9
Apr-01,370.2,206.5,266.4,190.4,239.2,205.2,262.7,251.6,232.1
May-01,368.9,205.5,266.0,190.0,239.2,205.2,262.7,253.9,232.2
Jun-01,367.4,204.2,265.8,189.7,239.4,204.8,263.0,253.6,232.4
Jul-01,365.7,203.8,264.4,188.8,239.3,204.4,263.6,251.6,232.3
Aug-01,363.9,204.5,264.0,188.4,239.5,204.7,264.5,251.5,232.1
Sep-01,362.1,204.7,263.3,187.9,238.7,204.1,265.6,253.7,231.8
Oct-01,360.3,204.5,261.8,187.1,237.9,203.2,266.9,256.0,231.4
Nov-01,358.5,205.2,261.1,186.7,237.1,203.1,268.5,256.6,231.0
Dec-01,356.9,206.9,260.2,186.7,236.9,201.7,270.1,256.8,230.7
Jan-02,355.4,208.4,260.1,187.3,237.5,201.9,272.0,258.2,230.6
Feb-02,354.0,209.5,259.9,187.5,237.4,201.8,273.8,260.4,230.5
Mar-02,352.8,210.6,259.9,187.9,237.8,201.6,275.6,262.1,230.5
Apr-02,351.7,212.1,259.5,188.6,237.5,201.5,277.3,263.2,230.4
May-02,350.7,213.4,259.8,189.0,237.7,201.8,279.1,264.2,230.4
Jun-02,349.9,214.0,259.6,189.2,237.7,201.3,280.6,265.4,230.3
Jul-02,349.2,214.2,259.2,189.3,237.5,201.1,282.0,266.2,230.3
Aug-02,348.5,214.5,259.4,190.1,237.6,200.9,283.0,268.3,230.3
Sep-02,348.0,214.8,259.5,190.6,237.4,200.6,283.9,270.0,230.4
Oct-02,347.5,214.8,259.1,190.2,237.1,200.4,284.1,271.0,230.2
Nov-02,347.1,214.4,259.2,189.9,237.0,200.1,284.2,271.2,230.0
Dec-02,346.8,214.0,258.9,189.7,237.0,199.6,283.8,272.5,229.8
Jan-03,346.7,213.7,258.8,188.8,236.8,199.8,283.4,275.1,229.6
Feb-03,346.6,213.0,258.8,187.9,236.7,199.2,282.6,277.4,229.4
Mar-03,346.6,212.3,258.4,187.4,236.6,198.8,282.1,277.9,229.5
Apr-03,346.8,211.8,258.4,187.1,236.9,198.6,281.5,278.1,229.4
May-03,347.1,211.7,258.4,186.3,237.1,198.3,281.3,279.6,229.4
Jun-03,347.6,212.1,258.5,185.5,237.2,198.0,281.3,282.4,229.4
Jul-03,348.3,212.6,258.7,185.8,237.7,197.2,281.8,284.4,229.6
Aug-03,349.1,212.8,259.0,186.3,238.2,197.8,282.7,285.7,229.8
Sep-03,350.1,212.8,259.7,186.5,238.8,197.9,284.0,287.1,230.1
Oct-03,351.2,212.9,260.8,186.9,239.3,198.1,285.7,289.9,230.6
Nov-03,352.6,213.1,261.2,187.2,239.8,197.7,287.4,293.0,231.1
Dec-03,354.1,213.4,261.8,187.4,240.5,198.2,289.1,295.9,231.7
Jan-04,355.8,213.7,263.1,187.9,241.1,199.4,290.7,297.2,232.2
Feb-04,357.6,214.1,263.6,188.3,241.8,199.7,292.1,298.5,232.9
Mar-04,359.6,214.4,264.6,188.2,242.4,199.8,293.3,299.4,233.5
Apr-04,361.7,214.6,265.7,188.3,243.7,200.6,294.0,300.9,234.3
May-04,363.9,214.8,266.3,188.7,244.3,200.5,294.5,302.5,235.0
Jun-04,366.1,214.9,266.8,189.4,244.9,201.0,294.8,305.7,235.8
Jul-04,368.5,214.9,268.4,190.2,246.1,201.9,295.0,310.3,236.6
Aug-04,370.8,215.0,269.0,190.0,247.0,202.4,295.4,314.4,237.4
Sep-04,373.3,215.2,269.6,189.8,247.9,202.4,296.2,315.7,238.1
Oct-04,375.7,215.4,271.1,190.1,249.5,203.7,297.4,317.5,238.8
Nov-04,378.2,215.5,271.4,190.2,249.9,204.1,299.0,321.4,239.6
Dec-04,380.7,215.2,272.5,189.8,251.1,205.2,301.0,325.1,240.3
Jan-05,383.3,214.6,273.4,189.6,251.0,206.8,303.6,324.5,241.3
Feb-05,385.9,214.6,274.3,189.9,252.2,207.2,306.6,324.1,242.2
Mar-05,388.6,215.5,275.2,190.5,253.4,208.5,310.0,327.9,243.3
Apr-05,391.2,216.6,277.2,191.3,254.4,210.1,313.7,335.9,244.4
May-05,393.9,216.9,278.0,192.1,255.3,210.4,317.4,339.1,245.7
Jun-05,396.6,216.9,279.1,193.1,256.6,210.7,320.9,337.0,247.0
Jul-05,399.2,217.4,281.6,193.7,257.2,212.9,323.9,336.9,248.4
Aug-05,401.9,218.7,282.4,194.0,258.0,213.8,326.1,343.4,249.8
Sep-05,404.5,219.9,283.9,194.5,259.6,215.2,327.5,350.4,251.3
Oct-05,407.2,220.6,285.2,194.8,260.4,216.2,328.1,347.9,252.7
Nov-05,410.0,221.4,286.5,194.9,261.4,217.5,328.4,342.8,254.1
Dec-05,412.9,223.1,287.6,195.1,262.3,219.1,328.4,342.5,255.5
Jan-06,415.8,225.2,289.2,195.5,263.7,220.3,328.6,349.8,256.9
Feb-06,418.9,226.5,290.5,195.9,264.5,221.5,328.8,353.2,258.2
Mar-06,422.1,227.3,291.8,196.1,265.7,223.4,329.3,351.5,259.5
Apr-06,425.4,228.3,293.0,195.7,266.4,223.9,330.1,348.3,260.7
May-06,428.8,229.9,294.3,195.8,267.8,225.4,331.6,350.7,261.9
Jun-06,432.4,231.7,296.0,196.2,269.1,226.5,333.4,354.9,263.2
Jul-06,436.1,233.1,296.5,196.4,269.6,228.3,335.8,356.2,264.4
Aug-06,440.0,234.1,298.1,197.0,271.4,230.3,338.5,357.2,265.6
Sep-06,443.9,235.1,299.8,197.6,272.5,231.9,341.5,360.8,266.9
Oct-06,447.8,236.2,300.4,197.9,273.5,233.0,344.7,367.3,268.2
Nov-06,451.8,237.2,302.3,198.6,275.1,234.4,347.9,372.2,269.4
Dec-06,455.6,237.7,303.9,199.5,276.7,236.1,351.0,374.1,270.8
Jan-07,459.5,238.3,304.6,199.8,276.9,237.1,354.0,375.5,272.0
Feb-07,463.2,239.2,306.7,200.3,278.8,238.9,356.7,379.9,273.2
Mar-07,466.9,240.4,308.5,201.2,280.5,240.7,359.3,386.9,274.4
Apr-07,470.4,240.8,309.3,201.9,280.1,242.0,361.4,391.7,275.6
May-07,473.7,240.8,310.7,202.5,281.0,243.8,363.3,393.7,276.9
Jun-07,476.8,241.1,312.1,203.1,282.4,245.4,364.6,395.1,278.0
Jul-07,479.8,241.9,312.3,203.8,283.2,245.7,365.4,399.0,279.1
Aug-07,482.6,242.8,313.6,204.5,284.4,246.7,365.7,403.8,280.1
Sep-07,485.1,244.2,314.7,205.6,285.3,246.8,365.5,405.9,281.1
Oct-07,487.5,246.0,315.7,206.8,286.4,248.2,365.2,405.1,282.0
Nov-07,489.7,247.2,317.0,207.7,287.3,249.3,364.8,404.1,282.9
Dec-07,491.6,247.8,317.9,208.6,288.2,250.3,364.5,405.9,283.7
Jan-08,493.2,248.5,319.0,209.5,288.9,250.0,364.4,410.4,284.4
Feb-08,494.6,249.0,320.3,210.0,289.9,251.6,364.4,413.5,285.1
Mar-08,495.6,248.9,320.4,209.7,290.1,251.2,364.3,413.0,285.5
Apr-08,496.3,248.1,320.4,209.0,290.8,251.8,364.0,412.0,286.0
May-08,496.6,247.3,321.4,208.7,291.2,252.4,363.3,410.9,286.1
Jun-08,496.5,246.7,321.1,208.2,291.1,252.8,362.0,409.7,286.1
Jul-08,496.2,245.9,321.2,207.8,290.9,253.4,360.0,405.6,285.9
Aug-08,495.5,244.6,321.1,207.4,290.8,253.9,357.5,400.8,285.6
Sep-08,494.5,243.7,320.6,207.1,290.6,250.3,354.5,397.4,285.1
Oct-08,493.3,243.5,319.9,206.8,290.2,252.1,350.7,396.8,284.6
Nov-08,491.8,243.2,318.6,206.1,289.1,251.8,346.3,394.2,283.8
Dec-08,490.1,242.1,318.1,205.1,288.1,251.2,341.2,389.3,282.9
Jan-09,488.4,240.4,316.2,204.0,287.8,249.2,335.5,383.7,281.9
Feb-09,486.6,238.7,314.8,202.8,286.1,246.4,329.7,380.9,280.8
Mar-09,485.0,237.7,313.5,201.9,284.3,243.6,323.7,378.6,279.8
Apr-09,483.4,237.6,312.3,201.3,283.1,241.1,318.1,375.0,279.1
May-09,482.1,237.3,311.5,200.5,282.3,239.4,313.0,368.0,278.1
Jun-09,481.0,236.5,310.6,200.3,280.9,237.5,308.7,363.6,277.4
Jul-09,480.2,235.8,310.5,200.1,279.9,236.1,305.2,361.8,276.8
Aug-09,479.7,236.1,310.0,199.8,279.7,234.6,302.8,361.0,276.3
Sep-09,479.6,236.9,309.6,199.8,279.1,233.8,301.3,357.3,275.9
Oct-09,479.8,237.6,310.2,200.1,278.8,233.1,300.8,355.2,275.8
Nov-09,480.3,238.1,310.2,200.5,278.9,232.4,301.0,354.5,275.9
Dec-09,481.2,238.8,310.7,200.9,279.2,232.1,301.9,356.2,276.0
Jan-10,482.5,239.4,311.6,201.5,279.8,232.7,303.3,353.3,276.3
Feb-10,484.0,239.6,312.1,202.4,280.0,232.8,305.1,349.8,276.6
Mar-10,485.9,239.7,313.2,203.3,281.1,233.5,307.1,347.4,277.0
Apr-10,488.0,240.4,314.3,203.9,281.5,234.9,309.4,352.3,277.5
May-10,490.3,241.9,315.9,204.7,282.6,236.6,311.8,356.3,278.3
Jun-10,492.7,242.9,316.9,205.2,283.5,236.4,314.2,357.0,279.0
Jul-10,495.3,243.1,317.9,204.5,283.8,236.9,316.4,353.4,279.6
Aug-10,498.0,243.0,318.9,204.3,284.2,237.2,318.5,353.7,280.3
Sep-10,500.7,243.4,319.6,204.6,285.1,237.6,320.3,355.9,280.9
Oct-10,503.6,244.3,321.2,204.5,286.9,238.5,322.1,358.2,281.5
Nov-10,506.5,245.0,322.0,204.4,287.0,238.8,323.7,357.8,282.0
Dec-10,509.5,245.3,323.2,204.7,288.3,239.3,325.3,358.0,282.7
Jan-11,512.5,245.4,324.6,205.0,290.1,240.7,326.9,357.1,283.5
Feb-11,515.6,245.9,325.3,204.9,290.7,240.8,328.4,356.8,284.3
Mar-11,518.7,246.6,326.9,205.0,292.3,242.3,329.7,357.6,285.2
Apr-11,521.7,247.0,328.4,205.2,294.6,244.7,330.9,358.1,286.0
May-11,524.8,247.1,329.0,205.4,295.3,244.3,332.1,357.8,286.8
Jun-11,527.9,247.1,330.3,205.7,296.9,245.9,333.2,356.7,287.6
Jul-11,531.0,247.2,331.7,206.2,298.7,246.9,334.2,361.7,288.5
Aug-11,534.1,247.3,332.5,206.3,299.7,247.7,335.2,366.2,289.3
Sep-11,537.3,247.2,334.1,206.0,300.7,249.6,336.2,368.8,290.1
Oct-11,540.7,246.9,334.8,205.2,300.8,249.0,337.2,362.3,291.0
Nov-11,544.1,247.0,335.7,205.2,302.4,250.2,338.3,359.5,292.0
Dec-11,547.6,247.9,336.9,205.8,303.3,251.7,339.4,358.8,293.1
Jan-12,551.1,249.6,338.8,206.4,304.7,253.4,340.6,363.8,294.2
Feb-12,554.8,251.0,340.2,207.0,305.8,254.5,341.7,364.4,295.4
Mar-12,558.5,251.6,341.8,207.5,307.1,256.8,342.8,364.8,296.6
Apr-12,562.3,251.5,342.9,207.9,308.1,257.8,343.7,363.6,297.8
May-12,566.2,251.7,344.4,208.2,308.6,259.7,344.7,366.0,299.1
Jun-12,570.2,252.5,345.7,208.4,310.4,261.6,345.8,366.7,300.5
Jul-12,574.3,253.4,346.1,209.0,311.5,262.2,346.8,366.3,301.8
Aug-12,578.4,253.9,347.9,209.5,313.2,264.4,347.9,364.1,303.4
Sep-12,582.5,254.0,349.3,209.8,314.4,266.0,348.9,365.2,304.9
Oct-12,586.6,254.5,350.4,210.1,315.1,266.9,349.7,367.0,306.3
Nov-12,590.7,255.1,352.2,210.4,317.2,268.6,350.4,368.2,307.7
Dec-12,594.8,255.2,353.4,210.3,318.2,269.3,350.8,366.1,309.0
Jan-13,599.0,254.7,354.3,210.1,318.4,270.0,351.1,365.2,310.2
Feb-13,603.2,255.1,356.2,210.4,320.5,272.8,351.2,366.5,311.5
Mar-13,607.5,256.1,357.9,210.6,321.4,273.6,351.2,369.2,312.7
Apr-13,611.9,256.7,359.0,210.7,322.2,274.5,350.9,369.6,314.0
May-13,616.3,256.9,360.8,210.8,323.6,275.2,350.5,369.8,315.3
Jun-13,620.8,257.8,362.8,211.0,324.6,276.3,349.7,370.9,316.6
Jul-13,625.3,259.5,364.6,211.8,325.6,277.5,348.9,373.4,318.0
Aug-13,629.9,260.6,366.7,212.7,326.7,278.3,347.9,374.4,319.4
Sep-13,634.6,260.7,368.5,213.3,328.4,279.4,347.1,373.3,320.8
Oct-13,639.3,260.8,370.0,213.7,328.3,280.3,346.4,371.4,322.0
Nov-13,644.1,261.6,372.5,214.3,329.9,282.0,346.1,372.0,323.6
Dec-13,648.9,262.4,373.7,214.7,330.5,282.6,346.3,373.8,325.1
Jan-14,653.8,262.5,376.1,215.0,331.2,283.8,347.0,374.7,326.8
Feb-14,658.7,262.7,377.7,215.3,333.0,285.3,348.2,373.7,328.4
Mar-14,663.7,263.8,379.7,215.5,334.5,287.0,349.9,373.9,330.2
Apr-14,668.8,265.5,381.9,215.7,335.6,288.8,352.1,377.0,332.1
May-14,674.0,266.4,383.8,216.0,337.0,290.7,354.4,380.5,334.1
Jun-14,679.2,266.3,385.9,216.0,338.6,291.7,357.2,381.2,336.1
Jul-14,684.5,266.1,388.0,215.8,339.3,293.3,359.7,380.6,337.9
Aug-14,689.9,266.6,390.1,215.7,340.4,294.7,362.6,382.5,339.9
Sep-14,695.5,267.3,392.3,215.9,342.1,296.2,365.1,387.3,341.8
Oct-14,701.1,267.7,394.8,216.3,343.9,298.4,367.8,391.1,343.9
Nov-14,706.9,268.1,397.2,216.9,344.8,299.7,369.9,391.2,345.8
Dec-14,712.8,268.8,399.6,217.7,346.4,301.1,372.0,390.9,347.9
Jan-15,718.7,269.6,402.7,218.6,348.3,302.0,373.2,393.2,349.7
Feb-15,724.6,270.3,404.8,219.3,348.5,301.8,374.1,396.6,351.6
Mar-15,730.5,271.0,406.4,220.0,348.6,301.2,374.3,397.9,353.2
Apr-15,736.2,271.8,409.3,220.8,350.1,300.7,374.3,395.9,354.9
May-15,741.9,272.8,411.4,221.8,351.1,300.6,373.8,395.3,356.5
Jun-15,747.5,273.5,413.7,222.8,351.6,300.4,373.2,396.7,358.1
Jul-15,752.9,274.1,416.8,223.6,352.9,300.9,372.3,399.0,359.7
Aug-15,758.1,274.7,418.2,224.2,353.3,300.6,371.4,398.5,361.3
Sep-15,763.1,275.6,420.2,224.9,354.0,300.4,370.3,397.0,362.9
Oct-15,767.8,276.4,422.6,225.5,354.9,300.4,369.1,396.6,364.4
Nov-15,772.4,276.8,424.2,225.7,355.1,299.2,367.7,398.1,365.9
Dec-15,776.8,276.9,426.6,225.7,356.4,299.2,366.3,399.7,367.3
Jan-16,780.9,277.1,428.2,226.0,355.7,299.7,365.0,399.0,368.8
Feb-16,784.7,277.0,430.1,226.1,356.4,298.5,363.9,396.0,370.0
Mar-16,788.2,276.6,431.2,226.0,356.7,297.4,363.1,393.5,371.1
Apr-16,791.4,276.4,433.4,226.1,358.3,297.1,362.9,393.0,372.0
May-16,794.4,276.6,435.0,226.5,358.9,296.0,363.3,393.1,372.8
Jun-16,797.0,277.0,436.4,226.9,359.8,295.3,364.7,390.6,373.4
Jul-16,799.4,277.1,438.7,226.9,361.5,295.8,366.9,388.6,373.9
Aug-16,801.6,277.3,440.7,227.0,362.3,295.9,370.1,388.7,374.4
Sep-16,803.7,277.8,443.2,227.5,364.6,296.6,373.9,390.5,375.2
Oct-16,805.6,278.5,445.0,228.2,365.3,297.1,378.4,391.3,375.9
Nov-16,#N/A,#N/A,#N/A,#N/A,#N/A,#N/A,#N/A,#N/A,#N/A
Dec-16,#N/A,#N/A,#N/A,#N/A,#N/A,#N/A,#N/A,#N/A,#N/A